Project;ncommits;nauthors;from;to;nstars;nforks;lastGHCommitDate;LongestGapStart;LongestGapEnd;LongestGapLength;NumCommitsAfterLastGap;ActivityPattern;NumberOfGapsInTimeline;BeforeThemes;AfterThemes;HypothesizedGapReason;HasRecovered;WhyRecovered;WhoRecovered;Currentstatus;RecentThemes;Notes
acellera_moleculekit;1477;19;2019-03-28 10:55:31;2025-10-20 11:34:40;246;34;2026-09-28T13:33:29Z;2020-08;2020-08;1;1235;steady;0;Bug fixes:Feature development;Dependency updates:Feature development;N/A active Project;N/A;N/A;N/A;Active;Bug fixes:Feature development;Steady project (1,477 commits, 19 authors) with 100 to 400 commits a year since 2019 and no gap longer than 1 month. Mostly developed by one maintainer, and recent commits are bug fixes. Still active.
druid-io_pydruid;891;200;2013-08-28 00:52:10;2025-10-09 19:32:30;520;204;2026-05-04T23:43:54Z;2014-10;2015-02;5;767;steady;4;Feature development:Bug fixes;Feature development:Bug fixes;After a lot of PR merges in Sep 2014 (HyperUnique aggregator, having clauses, new query types) nothing was committed until Mar 2015. GitHub shows no issues or pull requests during the gap: issues #11 and #16 were opened in Aug-Sep 2014 and the next item, PR #17, in Mar 2015.;Yes;PR #17 (merged 2015-03-12) allowed setting context properties in queries, followed by Python 3 support (May 2015) and limitSpec support (Jun 2015). Issues #22 and #23 were opened by Jun 2015.;New people: none of the 7 post-gap authors had committed before.;Active;Other:Automated bot contributions;Steady project (891 commits, 200 authors) with 4 gaps of 3+ months. GitHub shows no issues or PRs during the longest one (2014-10 to 2015-02), and it ended when new contributors added Python 3 and query features. Recent commits are mostly PR merges and Dependabot updates.
florianhartig_dharma;1281;45;2015-02-10 15:43:53;2025-10-22 12:01:59;265;31;2026-09-25T15:06:13Z;2015-03;2016-05;15;1279;irregular;3;Other:Feature development;Feature development:Documentation updates;Not abandonment: the repo held only Initial commit and checkin (2015-02-10) before the R package was created in Jun 2016. GitHub shows no pull requests in that period, and the first issues (#1-4) were opened in Jun-Sep 2016, after the package existed.;Yes;Florian Hartig created the R package on 2016-06-13 (package created, package functions added, help and vignette update), and the first issues followed within months.;Same person: Florian Hartig, the only post-gap author.;Active;Feature development:Documentation updates;Irregular pattern with spikes in 2016, 2021 and 2024 and 3 gaps of 3+ months. The 15-month longest gap is the stretch after the 2015 initial commit and before the R package was created, so it was easy to interpret. Still active.
jalammar_ecco;349;31;2020-11-07 10:03:22;2025-09-29 19:20:49;2101;175;2024-08-15T19:08:06Z;2022-04;2023-05;14;38;declining;3;Feature development:Documentation updates;Feature development:Bug fixes;The original author last committed in Jan 2022 and no pull requests were opened during the gap, while issues kept coming in and issue #85 has no comments. The recovery stayed fragile: issue #115 (opened 2024-05-16) asks whether the project is still maintained. The maintainer appears to have stopped responding.;Yes;Outside contributors added model support (OPT in Jul 2023, fp16 in Aug 2023) and the original author returned for a CI fix on 2023-07-27. PR #108 (merged 2024-08-15) updated dependencies.;Mostly new people: 4 of 6 post-gap authors were new, 2 returning.;Inactive;Bug fixes:Dependency updates;Declining: 120 to 166 commits a year in 2020-21, only 3 in 2025. During the 14-month gap users kept opening issues but no PRs came in, and recovery was through new contributors. Issue #115 in May 2024 asks if the project is still maintained, so it looked unmaintained again after the revival, and its last GitHub commit is Aug 2024 (inactive).
molssi_qcengine;2868;98;2018-03-01 22:25:36;2025-11-05 16:40:37;211;92;2026-08-18T20:32:51Z;2022-04;2022-05;2;858;declining;0;Dependency updates:Other;Dependency updates:Feature development;N/A active Project;N/A;N/A;N/A;Active;Dependency updates:Other;Declining from a 2019 peak of 951 commits to about 200 to 260 a year, with no gap beyond 2 months. Recent commits are CI and dependency updates by one maintainer. Still active.
nwfsc-cb_ocnms;532;13;2015-11-16 20:53:30;2025-08-14 20:32:09;1;0;2026-09-25T18:45:26Z;2023-03;2024-06;16;47;irregular;7;Feature development:Bug fixes;Feature development:Other;GitHub has little to show: only 2 pull requests and no issues have ever been opened, so work happens through direct commits. The commit messages suggest a data-year pattern: 2022 data was committed in Jan 2023 and the 2023 data update came in Jul 2024.;Yes;The 2023 data update (2024-07-22), then the annual update file and new plots in Oct 2024. PR #2, the only pull request in this period, was the flagstone branch merge (2024-10-23).;Same people: both post-gap authors were active before the gap.;Active;Feature development:Other;Irregular, with 7 gaps of 3+ months and the longest at 16 months (2023-03 to 2024-06). GitHub has only 2 PRs and no issues, so the explanation relies on commit messages, which suggest a yearly data-update cycle. The same two people returned each time.
projectchrono_chrono;23025;266;2010-02-23 11:03:14;2025-11-05 14:05:06;3057;637;2026-09-26T17:45:48Z;2010-06;2010-06;1;22957;steady;0;Other:Other;Other:Feature development;N/A active Project;N/A;N/A;N/A;Active;Feature development:Bug fixes;Steady and very large (23,025 commits, 266 authors) with continuous activity since 2010 and no gap beyond 1 month. Recent commits are feature work and fixes. Active.
pyscf_pyscf;14445;356;2014-05-02 18:42:26;2025-11-05 21:06:40;1681;749;2026-09-28T05:45:43Z;2014-09;2014-09;1;14402;steady;0;Feature development:Bug fixes;Feature development:Bug fixes;N/A active Project;N/A;N/A;N/A;Active;Feature development:Bug fixes;Steady (14,445 commits, 356 authors), growing to a 2017 peak and holding a high level since. No gap beyond 1 month. Active.
radiomics_pyradiomics;1679;58;2015-09-15 15:19:31;2025-10-27 22:04:30;1459;549;2025-06-17T00:39:11Z;2021-05;2021-08;4;320;declining;2;Feature development:Documentation updates;Documentation updates:Feature development;Not a true abandonment: commits paused for 4 months, but issues kept being opened and nearly all were answered during the gap (only 2 went unanswered). Code activity had also been sparse since Dec 2020 after the v3.0.1 release.;Yes;PR #724 (pyradiomics-dcm mask-correction settings, merged 2021-10-01) and PR #734 (usage-docs update, merged 2021-12-14) were the only PRs after the gap.;Mixed: 3 returning and 3 new authors. PRs #724 and #734 came from outside contributors (piiq and anthonyjatoba branches) and were merged by existing maintainers.;Active;Automated bot contributions:Dependency updates;Declining from a 2016 peak, with a minor 4-month gap in 2021 and 2 gaps of 3+ months. Issues were still being answered during the gap, so it was a pause in commits rather than inactivity. Recovery came from outside PRs #724 and #734, and recent commits are all Dependabot bumps, which suggests maintenance mode.
skuschel_postpic;1229;21;2013-12-05 19:43:54;2025-03-18 09:51:30;69;27;2026-06-08T13:25:46Z;2022-11;2023-08;10;84;declining;7;Other:Feature development;Dependency updates:Bug fixes;Single-maintainer project. The last pre-gap PR was #268 (Oct 2022) and the next, #269, was not opened until Sep 2023, so nothing at all happened in pull requests in between.;Yes;PRs #269-272 (Sep-Dec 2023) covered a maintenance sweep: nose to nose2, parse_version bugfix, CHANGELOG and versioneer updates. Issue #273 followed.;Same person: Stephan Kuschel, who made both the pre-gap and post-gap pull requests.;Active;Feature development:Bug fixes;Declining from a 2017 peak to about 10 to 50 commits a year, with 7 gaps of 3+ months. The 10-month gap (2022-11 to 2023-08) ended when the same maintainer did a dependency and packaging cleanup (PRs #269-272).
