Month;#Commits
2018-03;24.0
2018-04;0.0
2018-05;32.0
2018-06;34.0
2018-07;7.0
2018-08;23.0
2018-09;7.0
2018-10;8.0
2018-11;17.0
2018-12;4.0
2019-01;49.0
2019-02;96.0
2019-03;94.0
2019-04;24.0
2019-05;74.0
2019-06;67.0
2019-07;62.0
2019-08;96.0
2019-09;90.0
2019-10;61.0
2019-11;92.0
2019-12;146.0
2020-01;78.0
2020-02;48.0
2020-03;20.0
2020-04;54.0
2020-05;60.0
2020-06;62.0
2020-07;19.0
2020-08;71.0
2020-09;15.0
2020-10;23.0
2020-11;7.0
2020-12;8.0
2021-01;11.0
2021-02;73.0
2021-03;13.0
2021-04;5.0
2021-05;56.0
2021-06;5.0
2021-07;50.0
2021-08;27.0
2021-09;70.0
2021-10;24.0
2021-11;36.0
2021-12;2.0
2022-01;37.0
2022-02;5.0
2022-03;24.0
2022-04;0.0
2022-05;0.0
2022-06;54.0
2022-07;36.0
2022-08;5.0
2022-09;1.0
2022-10;8.0
2022-11;32.0
2022-12;5.0
2023-01;22.0
2023-02;12.0
2023-03;1.0
2023-04;9.0
2023-05;4.0
2023-06;1.0
2023-07;10.0
2023-08;108.0
2023-09;9.0
2023-10;54.0
2023-11;11.0
2023-12;10.0
2024-01;12.0
2024-02;9.0
2024-03;19.0
2024-04;24.0
2024-05;21.0
2024-06;25.0
2024-07;4.0
2024-08;1.0
2024-09;32.0
2024-10;54.0
2024-11;36.0
2024-12;25.0
2025-01;63.0
2025-02;8.0
2025-03;4.0
2025-04;49.0
2025-05;11.0
2025-06;2.0
2025-07;44.0
2025-08;7.0
2025-09;0.0
2025-10;4.0
2025-11;12.0
